Data,Identificador,PrecoCafe
2010-01-01,0,113.61653814570926
2010-01-02,0,99.99877119601874
2010-01-03,0,102.28236176946281
2010-01-04,0,106.98223540589505
2010-01-05,0,108.4904164008937
2010-01-06,0,102.9912651653262
2010-01-07,0,117.68289038561056
2010-01-08,0,105.83301732473906
2010-01-09,0,111.21559935280483
2010-01-10,0,117.9140096191298
2010-01-11,0,109.03751877854154
2010-01-12,0,108.96749510277303
2010-01-13,0,111.7019184712933
2010-01-14,0,111.94469526745856
2010-01-15,0,111.51390748322552
2010-01-16,0,117.63557645979441
2010-01-17,0,107.65581003007695
2010-01-18,0,117.54666734237222
2010-01-19,0,116.55148169113127
2010-01-20,0,115.41938010633028
2010-01-21,0,112.36765152586077
2010-01-22,0,111.80412965205787
2010-01-23,0,117.8441861075444
2010-01-24,0,114.07308795235572
2010-01-25,0,113.14408716370227
2010-01-26,0,111.30203338106108
2010-01-27,0,112.02307199040948
2010-01-28,0,113.12031383029662
2010-01-29,0,113.05145975588086
2010-01-30,0,105.77310842463922
2010-01-31,0,109.7148004023794
2010-02-01,0,112.66072900120321
2010-02-02,0,120.46420928992389
2010-02-03,0,112.2094087888472
2010-02-04,0,113.20173135469672
2010-02-05,0,115.9432677558439
2010-02-06,0,115.53326469015587
2010-02-07,0,99.7709850067839
2010-02-08,0,109.3704346344476
2010-02-09,0,126.92934218903424
2010-02-10,0,107.94976090268997
2010-02-11,0,102.79842022052394
2010-02-12,0,118.79992539535598
2010-02-13,0,114.05497191138055
2010-02-14,0,113.40497198245595
2010-02-15,0,109.92102673717784
2010-02-16,0,110.43724593607955
2010-02-17,0,112.62552020079427
2010-02-18,0,121.40610155449838
2010-02-19,0,115.90418536222586
2010-02-20,0,117.11754440258656
2010-02-21,0,111.78798840793723
2010-02-22,0,117.83715946545479
2010-02-23,0,120.07458225507169
2010-02-24,0,121.0118532628072
2010-02-25,0,109.81367872864385
2010-02-26,0,113.13301264393623
2010-02-27,0,104.66563567094705
2010-02-28,0,122.78206997961189
2010-03-01,0,105.48832132880037
2010-03-02,0,111.369822453688
2010-03-03,0,117.99706459619651
2010-03-04,0,110.43016528730509
2010-03-05,0,109.06260399830738
2010-03-06,0,104.60643645865716
2010-03-07,0,116.75045077033019
2010-03-08,0,111.66715788359656
2010-03-09,0,124.14793427413045
2010-03-10,0,114.6218540782348
2010-03-11,0,117.22207680369883
2010-03-12,0,114.39093910624621
2010-03-13,0,113.54900619717911
2010-03-14,0,119.94970384486578
2010-03-15,0,115.20576543713514
2010-03-16,0,117.59008871215012
2010-03-17,0,113.64593043274891
2010-03-18,0,116.7973536702459
2010-03-19,0,121.8202518045236
2010-03-20,0,125.12830339237587
2010-03-21,0,103.48396430947949
2010-03-22,0,115.02143000021155
2010-03-23,0,108.91904915155533
2010-03-24,0,107.69620454501242
2010-03-25,0,116.3133606001292
2010-03-26,0,118.3585153394201
2010-03-27,0,116.61904805916588
2010-03-28,0,118.9577480548675
2010-03-29,0,116.8124253974086
2010-03-30,0,102.80848758802776
2010-03-31,0,115.54930024107163
2010-04-01,0,114.89974457641186
2010-04-02,0,109.68372118067275
2010-04-03,0,107.47270560096277
2010-04-04,0,105.43716952466612
2010-04-05,0,122.82500321485551
2010-04-06,0,115.78407786834893
2010-04-07,0,114.80906291339595
2010-04-08,0,108.12313590271097
2010-04-09,0,122.98446495534368
2010-04-10,0,114.27486954025905
2010-04-11,0,116.69932920624176
2010-04-12,0,112.39418910867956
2010-04-13,0,106.693335130768
2010-04-14,0,114.71770563537129
2010-04-15,0,113.49373930154914
2010-04-16,0,117.51125299662066
2010-04-17,0,106.02728147060422
2010-04-18,0,115.99784546002047
2010-04-19,0,114.91751277767253
2010-04-20,0,118.04665277199528
2010-04-21,0,113.15690092606053
2010-04-22,0,111.6566511127615
2010-04-23,0,112.92117368396909
2010-04-24,0,119.51999742707778
2010-04-25,0,117.12199184507327
2010-04-26,0,123.93071394720417
2010-04-27,0,113.90519753063893
2010-04-28,0,112.21841138590011
2010-04-29,0,114.54393633146596
2010-04-30,0,109.1105696333655
2010-05-01,0,119.68642865785814
2010-05-02,0,117.66970806358803
2010-05-03,0,105.12101948014025
2010-05-04,0,104.4463443030263
2010-05-05,0,115.96745028877254
2010-05-06,0,122.45172551607448
2010-05-07,0,114.05590684238868
2010-05-08,0,118.55923734652536
2010-05-09,0,114.49328771296958
2010-05-10,0,122.96078594865857
2010-05-11,0,119.1258823461244
2010-05-12,0,107.71547872816312
2010-05-13,0,120.09495723227184
2010-05-14,0,122.70896722601877
2010-05-15,0,111.62318483535063
2010-05-16,0,118.98594612672036
2010-05-17,0,115.03798349381218
2010-05-18,0,117.30729884778631
2010-05-19,0,117.69041034116928
2010-05-20,0,115.7706570367936
2010-05-21,0,108.54021292812175
2010-05-22,0,110.29592356374866
2010-05-23,0,112.88536007945741
2010-05-24,0,109.92971586992178
2010-05-25,0,109.43625550532641
2010-05-26,0,118.67741229365033
2010-05-27,0,110.80998232218506
2010-05-28,0,115.15524016891823
2010-05-29,0,120.54920445693358
2010-05-30,0,112.26896974553904
2010-05-31,0,119.51295122312979
2010-06-01,0,114.54282801378135
2010-06-02,0,117.87018258889529
2010-06-03,0,107.90449721515881
2010-06-04,0,113.82532481238121
2010-06-05,0,113.32252792566292
2010-06-06,0,108.35446640100142
2010-06-07,0,113.88971127233275
2010-06-08,0,125.07117300311671
2010-06-09,0,108.16120768446815
2010-06-10,0,105.80336575555839
2010-06-11,0,103.96080470014329
2010-06-12,0,114.65571668449094
2010-06-13,0,119.4526734726377
2010-06-14,0,111.9517180052756
2010-06-15,0,113.27460142129743
2010-06-16,0,112.88387309873573
2010-06-17,0,117.91053378267652
2010-06-18,0,118.98801670369139
2010-06-19,0,114.87762803538423
2010-06-20,0,113.62419510115701
2010-06-21,0,105.54335165562844
2010-06-22,0,108.04881078825782
2010-06-23,0,114.19311646386815
2010-06-24,0,110.43605399079297
2010-06-25,0,109.79172131965036
2010-06-26,0,113.3590604138684
2010-06-27,0,104.18485345417209
2010-06-28,0,110.60159405515643
2010-06-29,0,109.51077524568362
2010-06-30,0,110.01811906702214
2010-07-01,0,101.74942074541433
2010-07-02,0,112.8763007877974
2010-07-03,0,111.6895992550781
2010-07-04,0,108.92437140328451
2010-07-05,0,106.69488269613474
2010-07-06,0,108.52295466435004
2010-07-07,0,108.8117113192918
2010-07-08,0,103.05380998128086
2010-07-09,0,120.0593105489585
2010-07-10,0,119.42763356783298
2010-07-11,0,113.7987777482622
2010-07-12,0,110.5861925417935
2010-07-13,0,104.44722464864194
2010-07-14,0,109.61014300241327
2010-07-15,0,113.1313050265381
2010-07-16,0,106.48521951616483
2010-07-17,0,111.13579596732677
2010-07-18,0,108.98686694970144
2010-07-19,0,109.94305918013218
2010-07-20,0,109.30947190931848
2010-07-21,0,114.33118051901671
2010-07-22,0,121.92073932758224
2010-07-23,0,111.19891162202816
2010-07-24,0,98.84805076587742
2010-07-25,0,108.24827303908526
2010-07-26,0,108.34447241245873
2010-07-27,0,112.76543684940636
2010-07-28,0,106.60147928274759
2010-07-29,0,108.7754436448079
2010-07-30,0,115.91241223128402
2010-07-31,0,113.96965600730893
2010-08-01,0,102.94427584224022
2010-08-02,0,108.60166100129824
2010-08-03,0,100.1514911658179
2010-08-04,0,108.61465843221934
2010-08-05,0,109.36007862090653
2010-08-06,0,115.47804511211052
2010-08-07,0,107.38947749451145
2010-08-08,0,110.45465684559974
2010-08-09,0,108.90455883390834
2010-08-10,0,118.51579902764223
2010-08-11,0,114.70651551760913
2010-08-12,0,109.99948640905758
2010-08-13,0,108.57898561712204
2010-08-14,0,109.64731410376186
2010-08-15,0,107.76040361844416
2010-08-16,0,108.50488483119076
2010-08-17,0,104.25815928159233
2010-08-18,0,108.1538714674555
2010-08-19,0,103.80682555693745
2010-08-20,0,115.19840326114189
2010-08-21,0,109.19888909909523
2010-08-22,0,118.41674036551534
2010-08-23,0,118.5389280047842
2010-08-24,0,116.6935839806919
2010-08-25,0,112.19800465030016
2010-08-26,0,111.84597207916319
2010-08-27,0,107.54956669787087
2010-08-28,0,108.45855058592689
2010-08-29,0,108.08563779549884
2010-08-30,0,106.09577061068633
2010-08-31,0,111.92377541072389
2010-09-01,0,112.93242259787735
2010-09-02,0,106.58181017052416
2010-09-03,0,102.77709419548565
2010-09-04,0,110.97469490529782
2010-09-05,0,111.86305137445528
2010-09-06,0,103.05535350424996
2010-09-07,0,107.69865013312976
2010-09-08,0,108.14936308152731
2010-09-09,0,104.0571474022227
2010-09-10,0,112.23435468265099
2010-09-11,0,111.2159860054942
2010-09-12,0,113.97735883066699
2010-09-13,0,109.63978751939771
2010-09-14,0,117.03806712578644
2010-09-15,0,113.75454092462937
2010-09-16,0,105.8868850510871
2010-09-17,0,117.16691705789292
2010-09-18,0,110.76356547018793
2010-09-19,0,112.11774996985893
2010-09-20,0,109.73910234845073
2010-09-21,0,116.32865547253607
2010-09-22,0,113.14684943171083
2010-09-23,0,111.47373136896076
2010-09-24,0,112.6694954110564
2010-09-25,0,114.63941714476334
2010-09-26,0,109.97502369928343
2010-09-27,0,103.57720022936415
2010-09-28,0,108.10342931038019
2010-09-29,0,114.24140726761634
2010-09-30,0,96.45249632598576
2010-10-01,0,105.4191884715257
2010-10-02,0,102.76610980414408
2010-10-03,0,113.4255265191845
2010-10-04,0,104.999889380404
2010-10-05,0,110.17960856562864
2010-10-06,0,113.93436323211962
2010-10-07,0,106.70391086225631
2010-10-08,0,109.30636699214809
2010-10-09,0,111.95055890746522
2010-10-10,0,112.87775861998252
2010-10-11,0,114.24718831847106
2010-10-12,0,114.75432921975798
2010-10-13,0,119.96593267836705
2010-10-14,0,109.81949418091192
2010-10-15,0,111.79516841022034
2010-10-16,0,110.24438768984074
2010-10-17,0,117.28851850180308
2010-10-18,0,115.98695107822557
2010-10-19,0,115.83081428980691
2010-10-20,0,110.64035544292688
2010-10-21,0,105.62171969553236
2010-10-22,0,105.53694484628173
2010-10-23,0,115.52268948737547
2010-10-24,0,102.10402426772545
2010-10-25,0,106.44605079717783
2010-10-26,0,111.52791945652024
2010-10-27,0,111.22388754553754
2010-10-28,0,105.3149349846744
2010-10-29,0,112.68076402569187
2010-10-30,0,101.26860653204389
2010-10-31,0,115.79876168991659
2010-11-01,0,113.52583145721096
2010-11-02,0,108.36746958075635
2010-11-03,0,110.26753377176232
2010-11-04,0,104.55425482663851
2010-11-05,0,112.90329605777885
2010-11-06,0,113.31103663187541
2010-11-07,0,101.87497643247254
2010-11-08,0,115.49109871807194
2010-11-09,0,117.72969137607201
2010-11-10,0,109.40619993838759
2010-11-11,0,114.2379254525751
2010-11-12,0,104.51680407696315
2010-11-13,0,108.52136213242912
2010-11-14,0,113.57304563752018
2010-11-15,0,112.79623134122811
2010-11-16,0,105.24976141326255
2010-11-17,0,111.5668601299241
2010-11-18,0,104.21723013693268
2010-11-19,0,117.0205390559892
2010-11-20,0,107.49607047855616
2010-11-21,0,111.17104707015787
2010-11-22,0,115.86546968781767
2010-11-23,0,107.21418803577447
2010-11-24,0,110.02170132913174
2010-11-25,0,118.85336724939503
2010-11-26,0,119.16235366344353
2010-11-27,0,116.63104051997034
2010-11-28,0,116.94334770879689
2010-11-29,0,118.55098542730408
2010-11-30,0,109.33144864046403
2010-12-01,0,102.0823884744093
2010-12-02,0,106.33357194739504
2010-12-03,0,116.80452976402
2010-12-04,0,112.14596841830229
2010-12-05,0,106.07972017582526
2010-12-06,0,111.7139878112098
2010-12-07,0,112.23240809014405
2010-12-08,0,108.72775077663557
2010-12-09,0,114.91339088463637
2010-12-10,0,119.10876870224206
2010-12-11,0,120.37539168501442
2010-12-12,0,113.30417482520689
2010-12-13,0,123.45644704869107
2010-12-14,0,110.62626851485746
2010-12-15,0,108.15094133749366
2010-12-16,0,110.631618544076
2010-12-17,0,116.83507728609514
2010-12-18,0,110.57154543105291
2010-12-19,0,111.9895091157959
2010-12-20,0,109.02742744577867
2010-12-21,0,115.63586553485766
2010-12-22,0,110.2012092126491
2010-12-23,0,118.36013742393997
2010-12-24,0,112.1205398312272
2010-12-25,0,118.20649955065346
2010-12-26,0,117.6173989442272
2010-12-27,0,120.74683570821884
2010-12-28,0,110.49275273591304
2010-12-29,0,118.24046297302873
2010-12-30,0,115.11131045548784
2010-12-31,0,106.75329293485728
2011-01-01,0,118.16874173136645
2011-01-02,0,119.1080920922413
2011-01-03,0,119.10346901284215
2011-01-04,0,112.63961258430407
2011-01-05,0,106.60084387792524
2011-01-06,0,111.79580038313415
2011-01-07,0,113.80960661648896
2011-01-08,0,110.32943937839279
2011-01-09,0,110.24332272548114
2011-01-10,0,112.26380486892046
2011-01-11,0,119.71829090907028
2011-01-12,0,121.21393216233226
2011-01-13,0,112.69011413567648
2011-01-14,0,119.61426066540257
2011-01-15,0,117.99846382832177
2011-01-16,0,105.89297964705229
2011-01-17,0,117.29574961678422
2011-01-18,0,111.15877955106
2011-01-19,0,118.01730920376374
2011-01-20,0,112.64950335124104
2011-01-21,0,111.87684039783372
2011-01-22,0,115.3286229420214
2011-01-23,0,113.34487408397051
2011-01-24,0,114.53146135625603
2011-01-25,0,106.0555371928223
2011-01-26,0,118.4940213116141
2011-01-27,0,119.68343355393408
2011-01-28,0,120.17678474360548
2011-01-29,0,113.85633274458169
2011-01-30,0,119.83899265511823
2011-01-31,0,108.82759142696518
2011-02-01,0,113.97153047194921
2011-02-02,0,107.03844792979709
2011-02-03,0,115.4642251725404
2011-02-04,0,109.75769807383476
2011-02-05,0,110.84701092168834
2011-02-06,0,115.36010342246128
2011-02-07,0,111.03781094618006
2011-02-08,0,116.84383778888227
2011-02-09,0,108.71263471454006
2011-02-10,0,108.0346859263423
2011-02-11,0,108.52711909501645
2011-02-12,0,113.26353030631016
2011-02-13,0,114.19373681877076
2011-02-14,0,110.35536681476869
2011-02-15,0,113.43291065293127
2011-02-16,0,122.65523436756442
2011-02-17,0,117.45278234418127
2011-02-18,0,115.50145357027347
2011-02-19,0,118.10460218082156
2011-02-20,0,113.74681203703616
2011-02-21,0,115.82310739587764
2011-02-22,0,117.69203978797603
2011-02-23,0,117.15791951689563
2011-02-24,0,113.3572568248306
2011-02-25,0,112.39571157682573
2011-02-26,0,116.01388502368715
2011-02-27,0,124.24862712977247
2011-02-28,0,109.57668990830834
2011-03-01,0,114.2062083315199
2011-03-02,0,109.06743853796384
2011-03-03,0,119.23722706676648
2011-03-04,0,112.65543653009152
2011-03-05,0,121.52720892899066
2011-03-06,0,115.02328613528361
2011-03-07,0,114.12027592244468
2011-03-08,0,116.81890786517631
2011-03-09,0,115.45489667847421
2011-03-10,0,123.56851920115994
2011-03-11,0,115.51481191551754
2011-03-12,0,124.49106632001033
2011-03-13,0,112.43090301893432
2011-03-14,0,107.88504919511956
2011-03-15,0,117.65151883058645
2011-03-16,0,113.95978607360598
2011-03-17,0,111.57220306734898
2011-03-18,0,114.4135710162381
2011-03-19,0,120.56407107997384
2011-03-20,0,113.29998289916482
2011-03-21,0,116.56715014395563
2011-03-22,0,108.12701800977632
2011-03-23,0,107.52861170451136
2011-03-24,0,110.52874644766506
2011-03-25,0,118.04869971883544
2011-03-26,0,107.99260316120794
2011-03-27,0,107.04234898142897
2011-03-28,0,114.28515843084118
2011-03-29,0,109.1669392634299
2011-03-30,0,116.73934200490336
2011-03-31,0,113.90505045759814
2011-04-01,0,113.07628566514275
2011-04-02,0,114.76720536033291
2011-04-03,0,113.75713497303958
2011-04-04,0,108.98380128075387
2011-04-05,0,109.85948805592459
2011-04-06,0,114.3130713907011
2011-04-07,0,103.53064381482574
2011-04-08,0,114.42967547775523
2011-04-09,0,113.50518372536655
2011-04-10,0,104.803320146541
2011-04-11,0,110.40903822866926
2011-04-12,0,109.75812729346461
2011-04-13,0,112.77142031445705
2011-04-14,0,111.97575592887897
2011-04-15,0,114.3085009917446
2011-04-16,0,110.43716187402676
2011-04-17,0,110.811336739812
2011-04-18,0,109.43193034719472
2011-04-19,0,110.30177333959631
2011-04-20,0,114.56066488477069
2011-04-21,0,105.0707319293416
2011-04-22,0,110.36895393456373
2011-04-23,0,102.89191206120718
2011-04-24,0,111.87082352331899
2011-04-25,0,106.96718447891324
2011-04-26,0,105.4154477174389
2011-04-27,0,102.37547887138291
2011-04-28,0,114.3705246399444
2011-04-29,0,106.8103609966443
2011-04-30,0,105.23837862733942
2011-05-01,0,113.14036405563196
2011-05-02,0,106.55668997318203
2011-05-03,0,117.73809118940083
2011-05-04,0,101.27885116575257
2011-05-05,0,115.68148902618593
2011-05-06,0,107.19583032893736
2011-05-07,0,105.88310361740204
2011-05-08,0,111.97867232159199
2011-05-09,0,106.34538156322552
2011-05-10,0,105.86711675443202
2011-05-11,0,107.99779632549975
2011-05-12,0,103.3324907979859
2011-05-13,0,108.373893291164
2011-05-14,0,110.12554889773097
2011-05-15,0,110.14576877028881
2011-05-16,0,109.28130049212216
2011-05-17,0,106.84476327993559
2011-05-18,0,106.80487278294564
2011-05-19,0,108.97698058726736
2011-05-20,0,112.84372975298206
2011-05-21,0,100.33232803622712
2011-05-22,0,103.04731011798042
2011-05-23,0,109.3065848982527
2011-05-24,0,100.05566171231862
2011-05-25,0,90.46716764419696
2011-05-26,0,112.0762699087528
2011-05-27,0,97.29785573238817
2011-05-28,0,105.91989038843674
2011-05-29,0,106.16604707895311
2011-05-30,0,104.15482539180401
2011-05-31,0,98.74943509293826
2011-06-01,0,98.61613362810549
2011-06-02,0,100.2266342313049
2011-06-03,0,112.82551455108376
2011-06-04,0,98.46282718508537
2011-06-05,0,104.03640953954128
2011-06-06,0,101.05510698173224
2011-06-07,0,91.57744805050994
2011-06-08,0,95.28789770625629
2011-06-09,0,101.3991773829904
2011-06-10,0,93.69374963214705
2011-06-11,0,97.55479790411783
2011-06-12,0,108.23934898549587
2011-06-13,0,107.053521474957
2011-06-14,0,102.42886182793094
2011-06-15,0,100.00695005339698
2011-06-16,0,101.4329518204668
2011-06-17,0,100.04439596233318
2011-06-18,0,99.55712553726102
2011-06-19,0,104.38897406621047
2011-06-20,0,95.58220473561097
2011-06-21,0,99.82957633559997
2011-06-22,0,98.0510830633762
2011-06-23,0,93.28620422140868
2011-06-24,0,96.21720842154383
2011-06-25,0,99.28571664909065
2011-06-26,0,98.07749659593031
2011-06-27,0,91.76499587876742
2011-06-28,0,102.80379274100326
2011-06-29,0,97.64334782478029
2011-06-30,0,100.5025145440456
2011-07-01,0,95.51979437603323
2011-07-02,0,101.48363230353868
2011-07-03,0,98.55393288204316
2011-07-04,0,94.03017882461862
2011-07-05,0,97.66985208928719
2011-07-06,0,93.65737457748861
2011-07-07,0,102.21919187536623
2011-07-08,0,102.7952090087792
2011-07-09,0,96.40278308675009
2011-07-10,0,90.42590262906486
2011-07-11,0,102.05175197324843
2011-07-12,0,97.09726882621078
2011-07-13,0,105.93021513601931
2011-07-14,0,93.04053957846968
2011-07-15,0,90.20969280871948
2011-07-16,0,92.38762415485076
2011-07-17,0,95.62073426768697
2011-07-18,0,90.56817769149
2011-07-19,0,95.74225238754792
2011-07-20,0,98.44902219260196
2011-07-21,0,96.91124071096019
2011-07-22,0,92.14329484060138
2011-07-23,0,92.00351446590074
2011-07-24,0,86.44360686446916
2011-07-25,0,88.55607976783254
2011-07-26,0,88.19608047672823
2011-07-27,0,89.33878810750006
2011-07-28,0,89.77552078012677
2011-07-29,0,85.33503330434502
2011-07-30,0,85.9703868534687
2011-07-31,0,97.52149687523826
2011-08-01,0,90.64848227187558
2011-08-02,0,85.11857000527036
2011-08-03,0,86.08056626940868
2011-08-04,0,84.7251236526991
2011-08-05,0,91.72265013509156
2011-08-06,0,92.15788535438232
2011-08-07,0,93.6535838095567
2011-08-08,0,87.60031790632769
2011-08-09,0,90.32485109264036
2011-08-10,0,90.7391112791591
2011-08-11,0,89.3305383573494
2011-08-12,0,86.77182541914607
2011-08-13,0,92.45247507414844
2011-08-14,0,91.16356802082024
2011-08-15,0,89.3937905416227
2011-08-16,0,90.99217738442027
2011-08-17,0,84.75245558603588
2011-08-18,0,81.3518970757177
2011-08-19,0,93.68313587536394
2011-08-20,0,73.88237472600186
2011-08-21,0,80.20372644391871
2011-08-22,0,88.62075432813648
2011-08-23,0,88.8018361015287
2011-08-24,0,87.1948081484021
2011-08-25,0,84.20464032512788
2011-08-26,0,88.01392505004137
2011-08-27,0,87.11382500048497
2011-08-28,0,85.23689669385318
2011-08-29,0,79.08648811429887
2011-08-30,0,83.93251795153968
2011-08-31,0,86.70747557705799
2011-09-01,0,78.05357789174606
2011-09-02,0,83.0337476775216
2011-09-03,0,80.9396580515706
2011-09-04,0,73.04068519348094
2011-09-05,0,79.1435976330874
2011-09-06,0,82.26882359132286
2011-09-07,0,79.51162733726053
2011-09-08,0,81.13815413739466
2011-09-09,0,80.84277600385174
2011-09-10,0,77.98897772283001
2011-09-11,0,87.57457712298448
2011-09-12,0,85.1041005237714
2011-09-13,0,78.12791080077373
2011-09-14,0,71.6177525235707
2011-09-15,0,68.99036152783152
2011-09-16,0,80.15961818493186
2011-09-17,0,87.31444841777446
2011-09-18,0,79.20413059038451
2011-09-19,0,82.42893922158221
2011-09-20,0,81.40362057711657
2011-09-21,0,81.09926731499108
2011-09-22,0,76.62998974614486
2011-09-23,0,87.73319385912303
2011-09-24,0,78.34039106679427
2011-09-25,0,67.19838240056173
2011-09-26,0,76.72122227840752
2011-09-27,0,76.11484315067769
2011-09-28,0,71.32769160117483
2011-09-29,0,85.70236638055849
2011-09-30,0,82.41788715882677
2011-10-01,0,68.14445697490763
2011-10-02,0,75.51153864192372
2011-10-03,0,85.794171421613
2011-10-04,0,75.99775360817566
2011-10-05,0,73.39168295677872
2011-10-06,0,76.18660369005438
2011-10-07,0,66.94663890712489
2011-10-08,0,71.27753415645701
2011-10-09,0,71.26539490316532
2011-10-10,0,77.08754242216838
2011-10-11,0,72.33373759848578
2011-10-12,0,63.58868252249458
2011-10-13,0,75.61084514517971
2011-10-14,0,77.97348054948041
2011-10-15,0,74.7926499245488
2011-10-16,0,70.8607101463318
2011-10-17,0,76.95696386027883
2011-10-18,0,80.48131346385274
2011-10-19,0,88.16208142854055
2011-10-20,0,71.83604777737818
2011-10-21,0,76.20326003026776
2011-10-22,0,70.38282194029571
2011-10-23,0,74.01203060200618
2011-10-24,0,75.64752514034376
2011-10-25,0,72.11981004573248
2011-10-26,0,80.29964711432876
2011-10-27,0,79.40114269860634
2011-10-28,0,81.22063011502215
2011-10-29,0,68.32437527335544
2011-10-30,0,74.22621349840183
2011-10-31,0,75.04392839182609
2011-11-01,0,70.81743662168762
2011-11-02,0,73.1190624916236
2011-11-03,0,67.06497611128313
2011-11-04,0,73.91818994956421
2011-11-05,0,62.77768783343076
2011-11-06,0,74.63677459487285
2011-11-07,0,79.76592149457782
2011-11-08,0,73.14834083337868
2011-11-09,0,67.26489064171551
2011-11-10,0,68.31031061727955
2011-11-11,0,62.89443800580487
2011-11-12,0,75.72015760455243
2011-11-13,0,74.12392137464727
2011-11-14,0,78.08163594988817
2011-11-15,0,76.53833729200215
2011-11-16,0,80.78483307592703
2011-11-17,0,70.30584672354827
2011-11-18,0,78.12235699648237
2011-11-19,0,68.93779022437928
2011-11-20,0,80.2515627792522
2011-11-21,0,65.78397643407489
2011-11-22,0,80.93087944153645
2011-11-23,0,75.03368493153042
2011-11-24,0,69.19460331375477
2011-11-25,0,68.83412352864374
2011-11-26,0,77.81874795934037
2011-11-27,0,65.97583004832734
2011-11-28,0,59.44444103742521
2011-11-29,0,58.91689106700076
2011-11-30,0,69.27081160261115
2011-12-01,0,65.4831691664511
2011-12-02,0,66.12937969472887
2011-12-03,0,68.9335478847627
2011-12-04,0,64.84045043213423
2011-12-05,0,75.28065296772843
2011-12-06,0,69.011836484213
2011-12-07,0,63.486327749778965
2011-12-08,0,72.06242285105087
2011-12-09,0,70.54571420769804
2011-12-10,0,75.27560795513595
2011-12-11,0,62.84272869098607
2011-12-12,0,66.64472811757324
2011-12-13,0,66.43888057122808
2011-12-14,0,70.03779081049076
2011-12-15,0,66.0790156189655
2011-12-16,0,72.33960669019301
2011-12-17,0,77.25543930538007
2011-12-18,0,71.82085283523583
2011-12-19,0,73.42406609573652
2011-12-20,0,68.27728958074134
2011-12-21,0,69.54010358048257
2011-12-22,0,75.71326469474738
2011-12-23,0,68.61477821971788
2011-12-24,0,72.25326937536636
2011-12-25,0,66.90426582565587
2011-12-26,0,76.89494330938957
2011-12-27,0,78.20659174179109
2011-12-28,0,67.75738882566544
2011-12-29,0,70.097895745362
2011-12-30,0,72.21034536217212
2011-12-31,0,71.66648726609591
2012-01-01,0,71.92301016430154
2012-01-02,0,74.91710635970398
2012-01-03,0,69.5465065596306
2012-01-04,0,69.72841429422076
2012-01-05,0,62.53155206937027
2012-01-06,0,72.19278730407414
2012-01-07,0,60.39756572059905
2012-01-08,0,63.624980816298134
2012-01-09,0,67.34105575550404
2012-01-10,0,63.211598795212765
2012-01-11,0,76.19241340803556
2012-01-12,0,70.58448961835066
2012-01-13,0,74.82825559440211
2012-01-14,0,70.70751341418742
2012-01-15,0,77.92978092786758
2012-01-16,0,73.69857205755034
2012-01-17,0,71.38780409159473
2012-01-18,0,69.14238236387789
2012-01-19,0,74.1276734938574
2012-01-20,0,61.80832634781993
2012-01-21,0,66.52433544374666
2012-01-22,0,68.13189390632049
2012-01-23,0,69.59172172480334
2012-01-24,0,78.52579626710025
2012-01-25,0,67.86490630807869
2012-01-26,0,69.20488589882058
2012-01-27,0,71.83912184215399
2012-01-28,0,72.62952262187903
2012-01-29,0,72.08475323765431
2012-01-30,0,76.08923769641632
2012-01-31,0,76.41135248824374
2012-02-01,0,71.41434489484921
2012-02-02,0,72.9081144205305
2012-02-03,0,75.67402746478349
2012-02-04,0,68.60762178178541
2012-02-05,0,80.6744807899709
2012-02-06,0,77.53715819578564
2012-02-07,0,67.4665319137386
2012-02-08,0,70.37935126726859
2012-02-09,0,71.77914094898343
2012-02-10,0,66.56423335110041
2012-02-11,0,75.80874620948968
2012-02-12,0,73.37329887749668
2012-02-13,0,72.2539018213083
2012-02-14,0,83.3402830071532
2012-02-15,0,68.50511939001397
2012-02-16,0,85.23610022378129
2012-02-17,0,77.81043687778791
2012-02-18,0,76.0843554468671
2012-02-19,0,82.30020708292584
2012-02-20,0,78.75833905529524
2012-02-21,0,79.19147051887744
2012-02-22,0,76.37164603925305
2012-02-23,0,78.5486531977689
2012-02-24,0,70.17501099787955
2012-02-25,0,79.5092687280246
2012-02-26,0,79.13159646059816
2012-02-27,0,74.73747211154453
2012-02-28,0,74.03408877796812
2012-02-29,0,75.67499508418261
2012-03-01,0,77.34663794868031
2012-03-02,0,77.61875955761299
2012-03-03,0,81.4794211860683
2012-03-04,0,75.48028742534228
2012-03-05,0,77.55018802130238
2012-03-06,0,72.07630548535224
2012-03-07,0,82.26478288400722
2012-03-08,0,79.31681443226759
2012-03-09,0,75.53779108839895
2012-03-10,0,69.12804617791403
2012-03-11,0,77.78751354837823
2012-03-12,0,83.88470919746192
2012-03-13,0,81.39916262506414
2012-03-14,0,81.04472920246823
2012-03-15,0,79.23379930295323
2012-03-16,0,77.54792463967601
2012-03-17,0,84.74630350411071
2012-03-18,0,81.7494484930358
2012-03-19,0,78.1156309769268
2012-03-20,0,83.93808364925971
2012-03-21,0,82.12100367049888
2012-03-22,0,78.78102542998744
2012-03-23,0,84.56911613132573
2012-03-24,0,82.84950314200147
2012-03-25,0,81.77873121087117
2012-03-26,0,78.40164406024427
2012-03-27,0,83.8393854096184
2012-03-28,0,78.04328464220508
2012-03-29,0,81.92425309099022
2012-03-30,0,80.09008646824867
2012-03-31,0,76.85429481270123
2012-04-01,0,89.51353774038515
2012-04-02,0,84.40279714101047
2012-04-03,0,77.83491752852527
2012-04-04,0,79.53071603216337
2012-04-05,0,77.72176383118126
2012-04-06,0,87.53262151201672
2012-04-07,0,86.71479255138566
2012-04-08,0,78.99278946066279
2012-04-09,0,85.89052519508519
2012-04-10,0,95.01208426184562
2012-04-11,0,80.31030266244397
2012-04-12,0,95.69687424592352
2012-04-13,0,92.3429533148978
2012-04-14,0,97.73717378357073
2012-04-15,0,84.11508674696843
2012-04-16,0,93.92766277630506
2012-04-17,0,80.46131540919437
2012-04-18,0,85.02004215795249
2012-04-19,0,91.13321930232199
2012-04-20,0,93.03783620127913
2012-04-21,0,87.92721565316037
2012-04-22,0,95.03965806102016
2012-04-23,0,89.46219685877176
2012-04-24,0,84.68884643097199
2012-04-25,0,90.43514529298065
2012-04-26,0,88.44149058741225
2012-04-27,0,80.50182684658968
2012-04-28,0,78.21079637429871
2012-04-29,0,91.74754602303676
2012-04-30,0,85.64429889405298
2012-05-01,0,93.4043707975167
2012-05-02,0,95.67379481704111
2012-05-03,0,86.90565161723835
2012-05-04,0,90.24437414270459
2012-05-05,0,91.30145290210208
2012-05-06,0,96.28323360813638
2012-05-07,0,87.36734991226939
2012-05-08,0,97.2883993685963
2012-05-09,0,97.87994043046152
2012-05-10,0,93.24552948213983
2012-05-11,0,97.40360427854851
2012-05-12,0,93.22948957404063
2012-05-13,0,90.95563344344023
2012-05-14,0,99.8845261710868
2012-05-15,0,87.57846875978734
2012-05-16,0,92.65657412928738
2012-05-17,0,92.94814624895409
2012-05-18,0,97.58110992485724
2012-05-19,0,94.60350207088172
2012-05-20,0,92.63043886025667
2012-05-21,0,99.52238742333103
2012-05-22,0,100.14815940644277
2012-05-23,0,93.45754964504006
2012-05-24,0,102.43108808142046
2012-05-25,0,87.48019937147578
2012-05-26,0,93.90984555567053
2012-05-27,0,95.0082070013401
2012-05-28,0,88.7348806289955
2012-05-29,0,93.77582900646784
2012-05-30,0,99.52045875119398
2012-05-31,0,96.63912317458235
2012-06-01,0,88.42388557182514
2012-06-02,0,94.08706955801655
2012-06-03,0,98.50036071005465
2012-06-04,0,99.41521327555817
2012-06-05,0,93.00862981565145
2012-06-06,0,97.75064800638549
2012-06-07,0,104.40580739898238
2012-06-08,0,99.77543450864184
2012-06-09,0,92.08927712784264
2012-06-10,0,99.35221042399547
2012-06-11,0,105.66307436341356
2012-06-12,0,98.36469222775057
2012-06-13,0,97.77092634717212
2012-06-14,0,101.52769226771733
2012-06-15,0,101.60879392776457
2012-06-16,0,104.01597023535072
2012-06-17,0,107.46296590349111
2012-06-18,0,94.92866304228994
2012-06-19,0,97.35374985701245
2012-06-20,0,105.9709875729488
2012-06-21,0,105.44502901222381
2012-06-22,0,92.10648283979411
2012-06-23,0,116.15500892208892
2012-06-24,0,95.22133642496915
2012-06-25,0,104.54800884134337
2012-06-26,0,106.8309814253767
2012-06-27,0,96.19562953514787
2012-06-28,0,92.55927452624502
2012-06-29,0,107.23686672137606
2012-06-30,0,98.56344878063972
2012-07-01,0,98.7837110897636
2012-07-02,0,106.45083344657364
2012-07-03,0,110.50990161604301
2012-07-04,0,107.07998325503196
2012-07-05,0,102.66123504620033
2012-07-06,0,102.10366957748141
2012-07-07,0,100.94303375227804
2012-07-08,0,101.62238855323521
2012-07-09,0,116.11607769813347
2012-07-10,0,108.73271316777654
2012-07-11,0,99.02806068327206
2012-07-12,0,100.78852756236302
2012-07-13,0,108.13362956516698
2012-07-14,0,101.89775099920824
2012-07-15,0,106.46309587862739
2012-07-16,0,105.43748166824093
2012-07-17,0,98.47415461488744
2012-07-18,0,101.07346306535149
2012-07-19,0,121.48220585881167
2012-07-20,0,109.70806230993102
2012-07-21,0,107.59487989294281
2012-07-22,0,110.5963999385759
2012-07-23,0,102.12433481669413
2012-07-24,0,103.5240879276915
2012-07-25,0,101.78952569949803
2012-07-26,0,106.49913405035885
2012-07-27,0,100.7208188608452
2012-07-28,0,101.17125856979587
2012-07-29,0,109.7491633827492
2012-07-30,0,93.31773251825172
2012-07-31,0,112.02292341088783
2012-08-01,0,115.00323114925185
2012-08-02,0,101.21042637994402
2012-08-03,0,109.12082490120011
2012-08-04,0,107.45835093888479
2012-08-05,0,103.57058246031434
2012-08-06,0,113.45481075403897
2012-08-07,0,109.61488334479218
2012-08-08,0,106.53648174835291
2012-08-09,0,117.5597104566994
2012-08-10,0,110.63174670142193
2012-08-11,0,106.60485719640467
2012-08-12,0,113.23966268664303
2012-08-13,0,106.64548472576146
2012-08-14,0,111.84784747802165
2012-08-15,0,105.23685543903154
2012-08-16,0,106.33398662121564
2012-08-17,0,108.99096429202568
2012-08-18,0,101.10851743897891
2012-08-19,0,106.525475601115
2012-08-20,0,115.23066583348293
2012-08-21,0,121.43064216960052
2012-08-22,0,112.7522575712146
2012-08-23,0,109.62374396344558
2012-08-24,0,103.51779062728858
2012-08-25,0,107.70108077543298
2012-08-26,0,110.53349065124392
2012-08-27,0,115.11509854150766
2012-08-28,0,114.11690196193155
2012-08-29,0,114.66483656783399
2012-08-30,0,113.98709299920911
2012-08-31,0,110.02963704344099
2012-09-01,0,116.53984462099876
2012-09-02,0,118.56333767208008
2012-09-03,0,102.78109862373222
2012-09-04,0,104.87050206429937
2012-09-05,0,116.48375876576479
2012-09-06,0,109.4261388626931
2012-09-07,0,118.97529570378967
2012-09-08,0,114.10158722372219
2012-09-09,0,110.35848377930148
2012-09-10,0,109.36734654423272
2012-09-11,0,110.22188512764143
2012-09-12,0,114.90737341736123
2012-09-13,0,110.43428315708445
2012-09-14,0,107.26784366928828
2012-09-15,0,112.90592927696915
2012-09-16,0,116.21799289194632
2012-09-17,0,121.80646200256135
2012-09-18,0,110.37434119806582
2012-09-19,0,110.7175179792223
2012-09-20,0,108.9137664922772
2012-09-21,0,114.54306595029634
2012-09-22,0,119.23458810788804
2012-09-23,0,108.27718736157185
2012-09-24,0,104.35993490088751
2012-09-25,0,117.91783352195655
2012-09-26,0,120.37681934163895
2012-09-27,0,103.15239660661481
2012-09-28,0,108.19639472681385
2012-09-29,0,120.17725430847702
2012-09-30,0,115.86890287383281
2012-10-01,0,121.85633315970202
2012-10-02,0,111.02487791258655
2012-10-03,0,117.52857237222995
2012-10-04,0,111.81011524079062
2012-10-05,0,116.98877869073858
2012-10-06,0,114.30668693393636
2012-10-07,0,115.17218597083878
2012-10-08,0,107.15947737410754
2012-10-09,0,119.19685183649952
2012-10-10,0,121.14276624150288
2012-10-11,0,106.34801743075522
2012-10-12,0,111.79787545551773
2012-10-13,0,115.54916510397138
2012-10-14,0,120.23286605795063
2012-10-15,0,114.83428032633253
2012-10-16,0,121.27445183679414
2012-10-17,0,117.49644069915595
2012-10-18,0,111.4019279595898
2012-10-19,0,113.07187389252086
2012-10-20,0,115.1072877370855
2012-10-21,0,111.04275748416151
2012-10-22,0,120.28252978041414
2012-10-23,0,115.99245505127622
2012-10-24,0,114.01512428240278
2012-10-25,0,114.09179337695737
2012-10-26,0,117.79204288449571
2012-10-27,0,112.02301022475935
2012-10-28,0,114.93148847199731
2012-10-29,0,105.08842274427042
2012-10-30,0,114.57569402876257
2012-10-31,0,114.36078760820797
2012-11-01,0,113.95762038345872
2012-11-02,0,117.15216800985726
2012-11-03,0,117.54391426583616
2012-11-04,0,125.43805498151069
2012-11-05,0,111.88707932277259
2012-11-06,0,121.52745157053732
2012-11-07,0,121.35681275386388
2012-11-08,0,107.44855467526166
2012-11-09,0,117.90041733823298
2012-11-10,0,109.10086657357016
2012-11-11,0,115.86286159382183
2012-11-12,0,121.71664699469648
2012-11-13,0,120.64221163283051
2012-11-14,0,112.66851447348893
2012-11-15,0,127.11743429487109
2012-11-16,0,114.96805336746317
2012-11-17,0,115.74286648301991
2012-11-18,0,120.47118104642513
2012-11-19,0,113.72634440672634
2012-11-20,0,115.99964141004648
2012-11-21,0,112.23577694973905
2012-11-22,0,120.53899901869231
2012-11-23,0,110.47420985546232
2012-11-24,0,106.13827570072777
2012-11-25,0,114.69795116667053
2012-11-26,0,101.30534536432528
2012-11-27,0,112.7449091390277
2012-11-28,0,118.46393055988693
2012-11-29,0,119.72982695217918
2012-11-30,0,112.79934671241708
2012-12-01,0,107.31590438403875
2012-12-02,0,120.90626914361003
2012-12-03,0,121.56019952914245
2012-12-04,0,118.70746891502729
2012-12-05,0,115.0241287914893
2012-12-06,0,116.06526216084184
2012-12-07,0,101.83615601437633
2012-12-08,0,102.61484637974468
2012-12-09,0,112.87301451794221
2012-12-10,0,109.29187393791108
2012-12-11,0,117.93634563711923
2012-12-12,0,118.04285787286001
2012-12-13,0,114.2850957777781
2012-12-14,0,112.33828967081087
2012-12-15,0,112.32940655656353
2012-12-16,0,112.83279930357762
2012-12-17,0,119.84885096873046
2012-12-18,0,117.69025678558474
2012-12-19,0,107.4636106190092
2012-12-20,0,115.41216103553577
2012-12-21,0,113.35988071716821
2012-12-22,0,111.24781072019213
2012-12-23,0,112.76297398290474
2012-12-24,0,115.59716571325973
2012-12-25,0,109.03036843265625
2012-12-26,0,112.53138265605553
2012-12-27,0,116.03131164287413
2012-12-28,0,98.8506073037667
2012-12-29,0,114.16995883859273
2012-12-30,0,118.3785214755067
2012-12-31,0,123.60135571415033
2013-01-01,0,106.18547372366986
2013-01-02,0,112.05193717617534
2013-01-03,0,116.65402203263554
2013-01-04,0,111.28565341086507
2013-01-05,0,100.65901510884203
2013-01-06,0,112.46677340645853
2013-01-07,0,113.21789246963625
2013-01-08,0,106.10444987439426
2013-01-09,0,116.19944644941461
2013-01-10,0,109.8118831149272
2013-01-11,0,105.01212273750771
2013-01-12,0,115.19794512516613
2013-01-13,0,111.59946798547925
2013-01-14,0,101.78428121971915
2013-01-15,0,112.04274793935937
2013-01-16,0,120.3133423058657
2013-01-17,0,108.34017634136958
2013-01-18,0,105.85056847106938
2013-01-19,0,101.03529132322329
2013-01-20,0,109.6378096993343
2013-01-21,0,117.38032643505008
2013-01-22,0,109.40952738053448
2013-01-23,0,110.43785167617952
2013-01-24,0,106.3864025974492
2013-01-25,0,107.55178203260155
2013-01-26,0,115.26196185079054
2013-01-27,0,127.7867776400214
2013-01-28,0,109.2395086054041
2013-01-29,0,103.38520428339291
2013-01-30,0,106.93367793514696
2013-01-31,0,111.4113305722118
2013-02-01,0,119.51453538258771
2013-02-02,0,114.34597633382069
2013-02-03,0,109.09325179877808
2013-02-04,0,105.04794081418648
2013-02-05,0,118.81599715982225
2013-02-06,0,110.40226206392671
2013-02-07,0,105.6726614414515
2013-02-08,0,111.10815464020128
2013-02-09,0,108.67016978402133
2013-02-10,0,113.76524223973685
2013-02-11,0,110.81525397727479
2013-02-12,0,113.02826935701444
2013-02-13,0,108.38470696044553
2013-02-14,0,110.82400841623988
2013-02-15,0,106.75327343948933
2013-02-16,0,116.60871418217445
2013-02-17,0,110.45291642232425
2013-02-18,0,111.0597040549848
2013-02-19,0,115.07726639579363
2013-02-20,0,109.807031721154
2013-02-21,0,104.42285059953538
2013-02-22,0,102.43286285356157
2013-02-23,0,110.8853868262953
2013-02-24,0,105.2468605321061
2013-02-25,0,110.90161904827332
2013-02-26,0,116.26188050857581
2013-02-27,0,108.86973278248283
2013-02-28,0,107.0427146696544
2013-03-01,0,111.98520881585175
2013-03-02,0,112.0059178398217
2013-03-03,0,112.66069216478284
2013-03-04,0,115.8378774825371
2013-03-05,0,105.18546918009868
2013-03-06,0,117.27807136061284
2013-03-07,0,116.94768858518057
2013-03-08,0,111.76351179142704
2013-03-09,0,108.50958409532382
2013-03-10,0,111.17693954619794
2013-03-11,0,108.77543782088568
2013-03-12,0,114.991406261427
2013-03-13,0,115.31301199354306
2013-03-14,0,108.09498496858333
2013-03-15,0,101.6643806445492
2013-03-16,0,104.36483952050605
2013-03-17,0,108.47693920601077
2013-03-18,0,110.66505325780484
2013-03-19,0,116.32394998675998
2013-03-20,0,112.7040339547071
2013-03-21,0,102.32978828866385
2013-03-22,0,115.31935498926701
2013-03-23,0,114.46597163213896
2013-03-24,0,112.48374861813302
2013-03-25,0,110.96824595326855
2013-03-26,0,116.59690730729255
2013-03-27,0,101.75804549313429
2013-03-28,0,109.37589818076906
2013-03-29,0,114.10181661491833
2013-03-30,0,107.44174018471325
2013-03-31,0,113.34731350054345
2013-04-01,0,112.44775088727617
2013-04-02,0,117.14372532606126
2013-04-03,0,119.09739627843533
2013-04-04,0,108.96319587870376
2013-04-05,0,109.91514379546577
2013-04-06,0,112.69071868680248
2013-04-07,0,104.92000618617999
2013-04-08,0,113.12750755808472
2013-04-09,0,119.50085127591127
2013-04-10,0,106.02940033660259
2013-04-11,0,103.56559550286676
2013-04-12,0,104.89660513534342
2013-04-13,0,100.73691281454782
2013-04-14,0,117.24937892094304
2013-04-15,0,114.62372370795019
2013-04-16,0,104.4197299166331
2013-04-17,0,115.87253991772889
2013-04-18,0,120.04206734460739
2013-04-19,0,107.78053243687131
2013-04-20,0,115.1564260485745
2013-04-21,0,99.44181972147362
2013-04-22,0,104.83416006844774
2013-04-23,0,100.7673842353248
2013-04-24,0,110.11426507314506
2013-04-25,0,111.73712986041583
2013-04-26,0,104.87732446241478
2013-04-27,0,109.91867644121426
2013-04-28,0,109.46982742628563
2013-04-29,0,106.7304584373855
2013-04-30,0,117.2303278010734
2013-05-01,0,113.15036554990041
2013-05-02,0,114.60840386586794
2013-05-03,0,105.75256415483067
2013-05-04,0,112.9840304478538
2013-05-05,0,109.81099936869234
2013-05-06,0,110.94544992610793
2013-05-07,0,116.82296101531477
2013-05-08,0,108.71523869834702
2013-05-09,0,112.494553275612
2013-05-10,0,105.28926008560366
2013-05-11,0,111.80106217701673
2013-05-12,0,113.22824514552569
2013-05-13,0,114.98340281283929
2013-05-14,0,111.8509001234297
2013-05-15,0,118.18737761063979
2013-05-16,0,111.65207734035583
2013-05-17,0,112.03899912683488
2013-05-18,0,109.58546206310724
2013-05-19,0,112.77138268134529
2013-05-20,0,100.22267701909327
2013-05-21,0,111.9363371312466
2013-05-22,0,108.2851332884903
2013-05-23,0,117.93855177292338
2013-05-24,0,111.35737134884725
2013-05-25,0,114.89113576339504
2013-05-26,0,111.53865833290544
2013-05-27,0,126.23002377821275
2013-05-28,0,117.09902901369855
2013-05-29,0,107.09480434566204
2013-05-30,0,106.19706245478424
2013-05-31,0,108.80932327237386
2013-06-01,0,107.3453356992868
2013-06-02,0,122.70678472382761
2013-06-03,0,105.05396554581405
2013-06-04,0,112.32969013338398
2013-06-05,0,118.1539976575058
2013-06-06,0,110.57833912873302
2013-06-07,0,111.29527003214338
2013-06-08,0,115.88003767899859
2013-06-09,0,105.26549803558865
2013-06-10,0,122.8644805927866
2013-06-11,0,109.67834327243662
2013-06-12,0,109.65362985487378
2013-06-13,0,109.42216641705576
2013-06-14,0,122.03599075973204
2013-06-15,0,110.20221007138966
2013-06-16,0,116.15351340864642
2013-06-17,0,105.62624369133498
2013-06-18,0,110.7272039453395
2013-06-19,0,105.17665491669764
2013-06-20,0,109.34627056382473
2013-06-21,0,116.057160706875
2013-06-22,0,118.11158526430073
2013-06-23,0,112.0520709570553
2013-06-24,0,116.41374426480377
2013-06-25,0,119.74232034359311
2013-06-26,0,110.13165132741271
2013-06-27,0,111.82330877072062
2013-06-28,0,104.96463035124876
2013-06-29,0,115.38509567441336
2013-06-30,0,112.72574485722814
2013-07-01,0,128.98965738954647
2013-07-02,0,118.31262712995593
2013-07-03,0,110.66065782660208
2013-07-04,0,117.31438032892524
2013-07-05,0,106.94992506306747
2013-07-06,0,113.30929393735754
2013-07-07,0,125.29759760605018
2013-07-08,0,114.47418741491875
2013-07-09,0,113.12558675217106
2013-07-10,0,111.89779744164674
2013-07-11,0,105.28073929975677
2013-07-12,0,111.19476475111335
2013-07-13,0,116.2488305980158
2013-07-14,0,109.17502471962872
2013-07-15,0,112.17403636221296
2013-07-16,0,106.22964279473133
2013-07-17,0,113.31871251067489
2013-07-18,0,114.96227544226673
2013-07-19,0,117.34241946273201
2013-07-20,0,117.09160936773102
2013-07-21,0,110.22669774197504
2013-07-22,0,113.05656240449004
2013-07-23,0,110.26497725543499
2013-07-24,0,113.60910127817056
2013-07-25,0,109.48397081045304
2013-07-26,0,108.76174902130819
2013-07-27,0,118.14361834046964
2013-07-28,0,117.27526185461655
2013-07-29,0,117.10853279802129
2013-07-30,0,114.99185033601432
2013-07-31,0,120.1406059623964
2013-08-01,0,114.13110129848035
2013-08-02,0,107.90364486324913
2013-08-03,0,115.81339789746932
2013-08-04,0,116.77410394388546
2013-08-05,0,115.88311445784333
2013-08-06,0,109.6747075224303
2013-08-07,0,119.37020264730651
2013-08-08,0,118.14117045051182
2013-08-09,0,118.22373721849091
2013-08-10,0,118.20555383728014
2013-08-11,0,119.64069798455422
2013-08-12,0,114.65278915802557
2013-08-13,0,113.87611822759082
2013-08-14,0,116.34278446800741
2013-08-15,0,116.72900292625384
2013-08-16,0,120.52274319953464
2013-08-17,0,110.61458276587796
2013-08-18,0,110.12108551202193
2013-08-19,0,110.63871150287345
2013-08-20,0,114.8299806583114
2013-08-21,0,126.28707263676426
2013-08-22,0,116.2566151254405
2013-08-23,0,119.60257989794528
2013-08-24,0,116.48811104293469
2013-08-25,0,116.68280766046229
2013-08-26,0,105.43666041202533
2013-08-27,0,112.31970324216746
2013-08-28,0,111.86356122254577
2013-08-29,0,116.89105391505247
2013-08-30,0,111.36504039099674
2013-08-31,0,118.70673284101686
2013-09-01,0,111.03425309533972
2013-09-02,0,112.14837495865484
2013-09-03,0,111.42023844711878
2013-09-04,0,109.3571794635064
2013-09-05,0,113.8611356597938
2013-09-06,0,117.64531225267149
2013-09-07,0,109.2913356224709
2013-09-08,0,115.72885009078627
2013-09-09,0,112.84320803851733
2013-09-10,0,110.4695230056514
2013-09-11,0,113.42584032765784
2013-09-12,0,117.82285257498918
2013-09-13,0,108.08581491988451
2013-09-14,0,113.35473823188165
2013-09-15,0,118.9785383069094
2013-09-16,0,121.10255939036338
2013-09-17,0,112.14466266494645
2013-09-18,0,109.60856253973782
2013-09-19,0,114.97553620602753
2013-09-20,0,117.4127022448571
2013-09-21,0,121.22097488063596
2013-09-22,0,112.54750069705607
2013-09-23,0,111.27156965008858
2013-09-24,0,114.11543555749624
2013-09-25,0,117.6832410328099
2013-09-26,0,114.24141196524272
2013-09-27,0,114.14791029671191
2013-09-28,0,120.33713489357876
2013-09-29,0,119.03724440679201
2013-09-30,0,116.70525368570114
2013-10-01,0,116.11780866011136
2013-10-02,0,117.43767701199297
2013-10-03,0,103.26767405230538
2013-10-04,0,116.97838388407956
2013-10-05,0,108.92852061897221
2013-10-06,0,117.37130011574911
2013-10-07,0,104.51048049953884
2013-10-08,0,117.91782096080063
2013-10-09,0,110.39345921278904
2013-10-10,0,114.77366052813407
2013-10-11,0,114.26124466727715
2013-10-12,0,109.50885848127795
2013-10-13,0,122.24904516859564
2013-10-14,0,122.49272180756992
2013-10-15,0,111.65717271468975
2013-10-16,0,106.65556045468043
2013-10-17,0,120.18613673471336
2013-10-18,0,110.67803078495753
2013-10-19,0,111.47788858806958
2013-10-20,0,108.78147923056807
2013-10-21,0,111.4387224837091
2013-10-22,0,121.0199189693072
2013-10-23,0,107.53835748508752
2013-10-24,0,114.81370323688955
2013-10-25,0,115.19722383276827
2013-10-26,0,107.5498753345236
2013-10-27,0,114.70392014971812
2013-10-28,0,119.17298525668146
2013-10-29,0,111.52630545484743
2013-10-30,0,105.82271913698519
2013-10-31,0,112.66295846532344
2013-11-01,0,118.77821920608352
2013-11-02,0,110.89559398329313
2013-11-03,0,109.47033808520084
2013-11-04,0,113.72364227797077
2013-11-05,0,115.72973044459197
2013-11-06,0,111.93856477629195
2013-11-07,0,109.81012124530561
2013-11-08,0,116.25924872472154
2013-11-09,0,116.01678322434144
2013-11-10,0,114.64423837078712
2013-11-11,0,108.24322981926932
2013-11-12,0,98.48523351458363
2013-11-13,0,114.12220330131848
2013-11-14,0,108.9641662469831
2013-11-15,0,124.36469700353544
2013-11-16,0,104.76167068770029
2013-11-17,0,99.89947668075206
2013-11-18,0,116.79495704254403
2013-11-19,0,113.03261047188114
2013-11-20,0,115.57847679183281
2013-11-21,0,105.6952422806359
2013-11-22,0,99.93015533707647
2013-11-23,0,112.55581998068133
2013-11-24,0,114.51434548674177
2013-11-25,0,109.31779030019665
2013-11-26,0,110.00795527939178
2013-11-27,0,107.92143948685019
2013-11-28,0,111.46652219968657
2013-11-29,0,106.26317186239208
2013-11-30,0,113.701699168633
2013-12-01,0,103.31668680818603
2013-12-02,0,101.62615626398372
2013-12-03,0,107.90513934421323
2013-12-04,0,109.33003630383138
2013-12-05,0,110.38750525844802
2013-12-06,0,114.5650810595774
2013-12-07,0,109.97947641200146
2013-12-08,0,112.90204002150612
2013-12-09,0,117.10982529806735
2013-12-10,0,104.79479738829261
2013-12-11,0,110.82690570232253
2013-12-12,0,117.73090329004131
2013-12-13,0,107.00478507196487
2013-12-14,0,105.59658715044662
2013-12-15,0,105.66402950948695
2013-12-16,0,106.89841326081421
2013-12-17,0,105.40469122316695
2013-12-18,0,108.89037043866756
2013-12-19,0,104.68496930562353
2013-12-20,0,101.0761473098799
2013-12-21,0,95.01562003365507
2013-12-22,0,100.58549658650983
2013-12-23,0,104.12776296737977
2013-12-24,0,98.971042510581
2013-12-25,0,99.79724364742924
2013-12-26,0,109.01812786959489
2013-12-27,0,105.3522243271516
2013-12-28,0,100.5275888462183
2013-12-29,0,101.07345682592427
2013-12-30,0,89.99453949258758
2013-12-31,0,105.10131059328788
2014-01-01,0,100.74627068812755
2014-01-02,0,102.49493802343444
2014-01-03,0,107.77613621383591
2014-01-04,0,107.65289796216608
2014-01-05,0,99.81949261318007
2014-01-06,0,101.75903703247539
2014-01-07,0,101.65902924738252
2014-01-08,0,99.59433512771909
2014-01-09,0,97.07326932332121
2014-01-10,0,105.2576932035125
2014-01-11,0,110.20892680817846
2014-01-12,0,101.18230717864415
2014-01-13,0,112.94627066967985
2014-01-14,0,104.57968062354
2014-01-15,0,103.11676293123016
2014-01-16,0,106.88733005205175
2014-01-17,0,98.40781922127421
2014-01-18,0,99.54581648162184
2014-01-19,0,102.56069657020039
2014-01-20,0,96.81705352317702
2014-01-21,0,104.23504237541482
2014-01-22,0,106.53394770957125
2014-01-23,0,99.6669595297823
2014-01-24,0,95.68797752192818
2014-01-25,0,93.6373835574004
2014-01-26,0,103.29858248352849
2014-01-27,0,101.82866293438074
2014-01-28,0,98.91729335175599
2014-01-29,0,99.35015564917873
2014-01-30,0,94.07359726120107
2014-01-31,0,93.98460554411656
2014-02-01,0,97.11076549438549
2014-02-02,0,94.5939456325791
2014-02-03,0,103.19440303023401
2014-02-04,0,98.80268087032691
2014-02-05,0,103.30723615769014
2014-02-06,0,91.92179986461109
2014-02-07,0,96.95658548277419
2014-02-08,0,96.63254601188142
2014-02-09,0,95.50094915261904
2014-02-10,0,92.51345996953229
2014-02-11,0,97.12074479185253
2014-02-12,0,91.55079905485736
2014-02-13,0,96.78385981041055
2014-02-14,0,94.28452445897756
2014-02-15,0,96.33603996628415
2014-02-16,0,89.31817003331362
2014-02-17,0,95.81395023224404
2014-02-18,0,99.73713336462058
2014-02-19,0,89.9250891691469
2014-02-20,0,98.04523981673361
2014-02-21,0,90.96298246301991
2014-02-22,0,90.35965432197281
2014-02-23,0,95.6610723307545
2014-02-24,0,100.13403192790594
2014-02-25,0,85.97244265552544
2014-02-26,0,85.82085340232335
2014-02-27,0,92.97187878194522
2014-02-28,0,91.36648083715542
2014-03-01,0,95.57354303295634
2014-03-02,0,100.00033920661697
2014-03-03,0,101.73455481692567
2014-03-04,0,94.85669504504837
2014-03-05,0,88.11590911299591
2014-03-06,0,94.20597255127322
2014-03-07,0,87.85753282427373
2014-03-08,0,92.46449720934434
2014-03-09,0,84.54760489107603
2014-03-10,0,83.64753671662497
2014-03-11,0,78.59903689732144
2014-03-12,0,89.42023490063113
2014-03-13,0,92.7787170399399
2014-03-14,0,87.97699207277472
2014-03-15,0,86.1125817488807
2014-03-16,0,89.8656983918315
2014-03-17,0,86.3774735882202
2014-03-18,0,87.72808969165459
2014-03-19,0,87.25201642589496
2014-03-20,0,82.27359914641664
2014-03-21,0,82.58345208676634
2014-03-22,0,90.5404888539635
2014-03-23,0,79.83797887200664
2014-03-24,0,77.56730976755713
2014-03-25,0,86.01025573632624
2014-03-26,0,90.83491036372621
2014-03-27,0,80.72862800715033
2014-03-28,0,85.06739571088723
2014-03-29,0,81.64440644941104
2014-03-30,0,84.05127005685165
2014-03-31,0,75.76869216728281
2014-04-01,0,84.38656908807252
2014-04-02,0,85.14003659631979
2014-04-03,0,78.4685565531476
2014-04-04,0,81.04604318824218
2014-04-05,0,83.35794387868263
2014-04-06,0,81.05997284530915
2014-04-07,0,86.8819862569923
2014-04-08,0,83.538038536485
2014-04-09,0,86.86240419206638
2014-04-10,0,78.02705021435081
2014-04-11,0,77.3309271062469
2014-04-12,0,87.99110377727895
2014-04-13,0,87.36639583222481
2014-04-14,0,82.79412461920388
2014-04-15,0,80.70950183966511
2014-04-16,0,74.70869004295781
2014-04-17,0,79.90431150862625
2014-04-18,0,81.91155621208212
2014-04-19,0,76.22416280232272
2014-04-20,0,78.84631384831896
2014-04-21,0,80.68563497307782
2014-04-22,0,85.843253997973
2014-04-23,0,70.21531798446135
2014-04-24,0,72.20809224468807
2014-04-25,0,75.79439953121165
2014-04-26,0,82.82834082648709
2014-04-27,0,81.50448411043277
2014-04-28,0,74.37437439032374
2014-04-29,0,87.23208492220797
2014-04-30,0,78.87834954273134
2014-05-01,0,79.39098001836764
2014-05-02,0,73.56334451640508
2014-05-03,0,81.52133618523928
2014-05-04,0,79.36303497579027
2014-05-05,0,74.74963554242716
2014-05-06,0,76.66754454642029
2014-05-07,0,87.03359227106014
2014-05-08,0,71.38329691459417
2014-05-09,0,75.23615813105874
2014-05-10,0,70.88633693551954
2014-05-11,0,70.49777889919824
2014-05-12,0,77.55324479615338
2014-05-13,0,75.32440889705245
2014-05-14,0,69.61245808260456
2014-05-15,0,74.1387849867084
2014-05-16,0,76.24074433152813
2014-05-17,0,71.43385898808312
2014-05-18,0,68.29248505164071
2014-05-19,0,80.71514015219338
2014-05-20,0,72.56284510187643
2014-05-21,0,78.79149292086471
2014-05-22,0,78.56965085958474
2014-05-23,0,81.3817859240725
2014-05-24,0,63.72200917093254
2014-05-25,0,68.2454572607258
2014-05-26,0,69.36973102011376
2014-05-27,0,78.76410406563278
2014-05-28,0,70.32270641835889
2014-05-29,0,81.09426829934048
2014-05-30,0,75.55261084414997
2014-05-31,0,71.58269144291174
2014-06-01,0,68.45772185416436
2014-06-02,0,76.50639918927014
2014-06-03,0,76.03927660366067
2014-06-04,0,68.45059670702157
2014-06-05,0,68.47069226193206
2014-06-06,0,80.44350635383725
2014-06-07,0,74.63545327634371
2014-06-08,0,61.74264340903748
2014-06-09,0,65.13351582102095
2014-06-10,0,68.18917351564119
2014-06-11,0,80.74748447116936
2014-06-12,0,70.3959942610566
2014-06-13,0,70.88170865490355
2014-06-14,0,74.54065836737746
2014-06-15,0,73.94258540843774
2014-06-16,0,77.55309370726914
2014-06-17,0,73.76329200282298
2014-06-18,0,81.17207672860573
2014-06-19,0,69.52783641045062
2014-06-20,0,63.365739045830665
2014-06-21,0,72.18742790702602
2014-06-22,0,64.22697049229353
2014-06-23,0,73.70167796008518
2014-06-24,0,77.34465252522153
2014-06-25,0,65.83746748848483
2014-06-26,0,65.51062934891182
2014-06-27,0,72.21994529017041
2014-06-28,0,75.15765753344932
2014-06-29,0,81.06691901072381
2014-06-30,0,68.420482433246
2014-07-01,0,62.140311410738136
2014-07-02,0,73.19000231568499
2014-07-03,0,79.61263457518778
2014-07-04,0,75.46162629012777
2014-07-05,0,74.36826150004227
2014-07-06,0,67.85855314784399
2014-07-07,0,71.46421638648089
2014-07-08,0,78.52283240768583
2014-07-09,0,73.84024646751251
2014-07-10,0,64.25390956875302
2014-07-11,0,65.81474490698054
2014-07-12,0,71.22394054237468
2014-07-13,0,72.82472353289226
2014-07-14,0,72.28011685291452
2014-07-15,0,66.43215169854133
2014-07-16,0,74.95694667464385
2014-07-17,0,68.45549963722289
2014-07-18,0,64.06914471131428
2014-07-19,0,76.56292817018358
2014-07-20,0,70.7222003853738
2014-07-21,0,61.97402369658205
2014-07-22,0,69.50309828635102
2014-07-23,0,68.878622758954
2014-07-24,0,71.74365139529212
2014-07-25,0,63.17373871010048
2014-07-26,0,68.89830912419549
2014-07-27,0,73.03082823179018
2014-07-28,0,72.90434473259742
2014-07-29,0,66.6933664141565
2014-07-30,0,67.7475484094413
2014-07-31,0,68.68851540420383
2014-08-01,0,70.78336019342956
2014-08-02,0,68.13010604733232
2014-08-03,0,67.24867748382484
2014-08-04,0,67.4590572854093
2014-08-05,0,65.8521490698556
2014-08-06,0,77.41321714684507
2014-08-07,0,74.6239039371344
2014-08-08,0,75.41782401077963
2014-08-09,0,68.95417398142833
2014-08-10,0,68.12190696522933
2014-08-11,0,66.93670049212243
2014-08-12,0,62.91156715868266
2014-08-13,0,80.91766909893485
2014-08-14,0,72.37590030380234
2014-08-15,0,72.72800307204253
2014-08-16,0,67.07249634773258
2014-08-17,0,75.03333993433814
2014-08-18,0,79.24359009178698
2014-08-19,0,67.73011943688796
2014-08-20,0,65.01917853564676
2014-08-21,0,60.265765111475446
2014-08-22,0,72.84042756297106
2014-08-23,0,71.69886730289075
2014-08-24,0,67.70998179056825
2014-08-25,0,58.90447000099637
2014-08-26,0,63.75484997543664
2014-08-27,0,76.35554882929725
2014-08-28,0,71.79441024091626
2014-08-29,0,73.85146314593888
2014-08-30,0,78.95182315872452
2014-08-31,0,79.23945427117114
2014-09-01,0,67.61690320463896
2014-09-02,0,67.80377610157664
2014-09-03,0,67.97942932850111
2014-09-04,0,80.90249473901179
2014-09-05,0,73.79045557775945
2014-09-06,0,79.33893144456539
2014-09-07,0,75.73394336915396
2014-09-08,0,76.24540026156563
2014-09-09,0,78.61354378077675
2014-09-10,0,69.05372992931113
2014-09-11,0,71.53591278676788
2014-09-12,0,72.68228091150246
2014-09-13,0,79.40226065537307
2014-09-14,0,75.5091036457008
2014-09-15,0,78.40878725527014
2014-09-16,0,81.07058425011876
2014-09-17,0,75.499237528492
2014-09-18,0,82.27188893830775
2014-09-19,0,65.94112789420642
2014-09-20,0,65.0834743978065
2014-09-21,0,69.48440999069193
2014-09-22,0,77.66827691713121
2014-09-23,0,80.05366405051005
2014-09-24,0,74.21171836476758
2014-09-25,0,68.31950192597994
2014-09-26,0,71.35561100977033
2014-09-27,0,64.74203074656654
2014-09-28,0,78.12383526344392
2014-09-29,0,71.89928248382309
2014-09-30,0,75.72951274895728
2014-10-01,0,81.90066005179199
2014-10-02,0,72.62118034372887
2014-10-03,0,76.97853458767725
2014-10-04,0,74.12857528240166
2014-10-05,0,70.409086400588
2014-10-06,0,75.94294672508573
2014-10-07,0,74.11232350204243
2014-10-08,0,67.76830811049962
2014-10-09,0,75.13563973232563
2014-10-10,0,77.95037149285535
2014-10-11,0,85.70435058330986
2014-10-12,0,78.77478450876878
2014-10-13,0,75.3380110070583
2014-10-14,0,75.2929465823173
2014-10-15,0,76.91975291541765
2014-10-16,0,80.23940591480118
2014-10-17,0,84.06492010083
2014-10-18,0,84.33935282758242
2014-10-19,0,82.37685099786724
2014-10-20,0,71.559601173146
2014-10-21,0,90.55957081097459
2014-10-22,0,73.17831598799727
2014-10-23,0,76.82953808319657
2014-10-24,0,81.84909076575313
2014-10-25,0,87.96938806404013
2014-10-26,0,84.88923539094499
2014-10-27,0,78.31596512153092
2014-10-28,0,83.85176231594833
2014-10-29,0,84.80688371772537
2014-10-30,0,79.22195053254624
2014-10-31,0,75.22815880855434
2014-11-01,0,83.68021380449755
2014-11-02,0,86.90388326346176
2014-11-03,0,86.40048081784374
2014-11-04,0,81.6690694051978
2014-11-05,0,79.90770326412819
2014-11-06,0,87.7315247967395
2014-11-07,0,85.64526970081135
2014-11-08,0,87.9189024439785
2014-11-09,0,84.66189943632551
2014-11-10,0,85.07852170234574
2014-11-11,0,87.00529474474818
2014-11-12,0,93.02648504866077
2014-11-13,0,92.18847807814265
2014-11-14,0,84.9248843212856
2014-11-15,0,91.59107616561386
2014-11-16,0,85.91874587391963
2014-11-17,0,88.49191838194207
2014-11-18,0,91.33960169129415
2014-11-19,0,84.46811804336073
2014-11-20,0,92.885237520629
2014-11-21,0,84.1431517218104
2014-11-22,0,97.81738074807159
2014-11-23,0,75.17276814184287
2014-11-24,0,91.88264232213878
2014-11-25,0,89.66616384555954
2014-11-26,0,92.17548826934186
2014-11-27,0,83.8267449334825
2014-11-28,0,92.06015625660172
2014-11-29,0,89.92258513421096
2014-11-30,0,87.4419069720045
2014-12-01,0,88.25355001015832
2014-12-02,0,86.61527044468059
2014-12-03,0,95.24843308427143
2014-12-04,0,81.6488757732171
2014-12-05,0,93.27666731903874
2014-12-06,0,90.08954884868591
2014-12-07,0,89.82817162870745
2014-12-08,0,90.45187206953709
2014-12-09,0,99.87064520763701
2014-12-10,0,89.59699318732831
2014-12-11,0,93.00357905613991
2014-12-12,0,95.73754415863272
2014-12-13,0,90.62097202507576
2014-12-14,0,85.35270563909083
2014-12-15,0,92.01758355221438
2014-12-16,0,104.66823966919353
2014-12-17,0,83.34228326403597
2014-12-18,0,94.34509408617185
2014-12-19,0,95.05704160925065
2014-12-20,0,105.27139048523799
2014-12-21,0,97.06870090936035
2014-12-22,0,96.81066907673124
2014-12-23,0,101.94246922250063
2014-12-24,0,99.83722160194284
2014-12-25,0,93.74475956904124
2014-12-26,0,92.4212010567522
2014-12-27,0,96.84163775280258
2014-12-28,0,92.56191119832908
2014-12-29,0,97.60683018420806
2014-12-30,0,96.01378069438465
2014-12-31,0,96.26678039483171
2015-01-01,0,102.7850117491695
2015-01-02,0,99.95976995781203
2015-01-03,0,97.51071524916294
2015-01-04,0,104.19652832759489
2015-01-05,0,98.24697602133861
2015-01-06,0,95.35696802440664
2015-01-07,0,99.44095995222462
2015-01-08,0,95.584973395351
2015-01-09,0,98.08615257318523
2015-01-10,0,103.17469251464239
2015-01-11,0,93.62017645601097
2015-01-12,0,95.77969020215944
2015-01-13,0,80.24232384939518
2015-01-14,0,98.88203216596813
2015-01-15,0,105.06854461436262
2015-01-16,0,100.27364212021864
2015-01-17,0,97.53915058479309
2015-01-18,0,108.31245803815649
2015-01-19,0,91.96258709323739
2015-01-20,0,98.42943818889923
2015-01-21,0,95.4887741063238
2015-01-22,0,105.5330198988384
2015-01-23,0,104.4521034803975
2015-01-24,0,103.75644235991798
2015-01-25,0,100.39368119255913
2015-01-26,0,100.22386522057839
2015-01-27,0,106.80881628316929
2015-01-28,0,105.63528947866148
2015-01-29,0,104.72870288748369
2015-01-30,0,109.20580675403164
2015-01-31,0,103.41348400315694
2015-02-01,0,108.92954630371992
2015-02-02,0,96.57108327956477
2015-02-03,0,107.18020969797152
2015-02-04,0,103.1355051016756
2015-02-05,0,100.71614740377964
2015-02-06,0,105.70988524983612
2015-02-07,0,106.25175642648188
2015-02-08,0,101.34961188530706
2015-02-09,0,106.88160159054712
2015-02-10,0,94.24841453188226
2015-02-11,0,105.03465653552571
2015-02-12,0,98.47563791076891
2015-02-13,0,105.58961200582559
2015-02-14,0,100.16792315531218
2015-02-15,0,105.26320933377364
2015-02-16,0,95.50785240156708
2015-02-17,0,107.54982911558078
2015-02-18,0,102.94274098341026
2015-02-19,0,101.4363179888448
2015-02-20,0,107.0381577894174
2015-02-21,0,106.73049022652098
2015-02-22,0,116.0249725324008
2015-02-23,0,110.32678075575782
2015-02-24,0,109.54763878983115
2015-02-25,0,100.56625872373911
2015-02-26,0,100.9580142368634
2015-02-27,0,106.68273637831818
2015-02-28,0,113.04535176217155
2015-03-01,0,100.60713293752386
2015-03-02,0,108.10210489918646
2015-03-03,0,110.53203510025922
2015-03-04,0,117.1524204305845
2015-03-05,0,101.84049836405563
2015-03-06,0,107.10795703027753
2015-03-07,0,119.84283789727337
2015-03-08,0,103.76836134602004
2015-03-09,0,109.89264088170962
2015-03-10,0,115.91190402735016
2015-03-11,0,107.08698508877373
2015-03-12,0,114.61643875291226
2015-03-13,0,109.15180178306578
2015-03-14,0,107.41379866810495
2015-03-15,0,108.98042048042434
2015-03-16,0,109.29709917459931
2015-03-17,0,119.88679655272466
2015-03-18,0,110.05737235851556
2015-03-19,0,124.70914090329309
2015-03-20,0,109.42160752849222
2015-03-21,0,109.67761448290275
2015-03-22,0,103.492795741906
2015-03-23,0,106.47620256123778
2015-03-24,0,116.1152963011392
2015-03-25,0,121.38439211141214
2015-03-26,0,110.91726728478189
2015-03-27,0,113.08663966203143
2015-03-28,0,115.36031893521414
2015-03-29,0,114.95910144470763
2015-03-30,0,112.64647804153797
2015-03-31,0,117.76795328522722
2015-04-01,0,115.99478441046224
2015-04-02,0,110.80189009478387
2015-04-03,0,118.60679378755776
2015-04-04,0,113.67942333990918
2015-04-05,0,118.02166737665208
2015-04-06,0,115.65041117547317
2015-04-07,0,112.0620166568563
2015-04-08,0,107.86764481286933
2015-04-09,0,101.49742525707215
2015-04-10,0,105.15592690773191
2015-04-11,0,122.98664244046955
2015-04-12,0,108.08960657906852
2015-04-13,0,112.27977043351932
2015-04-14,0,112.47399740814186
2015-04-15,0,120.53528163601904
2015-04-16,0,114.84045950999274
2015-04-17,0,112.53250033620422
2015-04-18,0,113.08862805364524
2015-04-19,0,120.74325951785976
2015-04-20,0,114.8444372245513
2015-04-21,0,108.43699515977787
2015-04-22,0,120.95035219915039
2015-04-23,0,114.91381671361238
2015-04-24,0,115.16186919522808
2015-04-25,0,117.67648833439482
2015-04-26,0,110.53272154014161
2015-04-27,0,117.17930007580571
2015-04-28,0,116.45775251631845
2015-04-29,0,117.41794373310164
2015-04-30,0,108.93256945553513
2015-05-01,0,121.34503216746305
2015-05-02,0,108.3358766371275
2015-05-03,0,113.87658737934932
2015-05-04,0,113.09829653372239
2015-05-05,0,110.41959159499464
2015-05-06,0,112.81359491250605
2015-05-07,0,106.3797531165563
2015-05-08,0,109.79375320938227
2015-05-09,0,113.25135535070561
2015-05-10,0,122.27296419845773
2015-05-11,0,117.93226735021095
2015-05-12,0,119.35900240844171
2015-05-13,0,111.56523433733275
2015-05-14,0,118.0331547872918
2015-05-15,0,112.4939484745682
2015-05-16,0,114.8992953531026
2015-05-17,0,109.55219550810693
2015-05-18,0,115.22805173521768
2015-05-19,0,118.67860164836036
2015-05-20,0,109.5817437398988
2015-05-21,0,116.38001162147648
2015-05-22,0,121.06509177848895
2015-05-23,0,112.02115776130084
2015-05-24,0,114.9167789173191
2015-05-25,0,115.319066735288
2015-05-26,0,122.94885784444199
2015-05-27,0,120.83612575816518
2015-05-28,0,122.69318483645375
2015-05-29,0,125.1680425753741
2015-05-30,0,118.18059142334879
2015-05-31,0,114.32816550337809
2015-06-01,0,113.77645904513057
2015-06-02,0,119.51724706414231
2015-06-03,0,112.89667302661961
2015-06-04,0,115.23870340351355
2015-06-05,0,107.21136538500791
2015-06-06,0,111.46135842025838
2015-06-07,0,105.41728954101347
2015-06-08,0,112.25094774543481
2015-06-09,0,114.93714321650197
2015-06-10,0,117.96415357746012
2015-06-11,0,108.66124982524283
2015-06-12,0,128.99710510711174
2015-06-13,0,120.3924632827939
2015-06-14,0,120.85952265073693
2015-06-15,0,115.670573209108
2015-06-16,0,114.15122911203538
2015-06-17,0,113.97152965915983
2015-06-18,0,105.68098652096866
2015-06-19,0,110.56479611674118
2015-06-20,0,114.8000589161226
2015-06-21,0,111.2032192480547
2015-06-22,0,110.33208772021412